City,Country,Max Temperature,Humidity,Wind Speed,Latitude,Longditude,Cloudiness,Date
Oncesti,RO,5.0,32,2.6,46.47,27.25,0,1553376600
Borujerd,IR,9.0,93,3.6,33.89,48.76,92,1553374800
San Patricio,PY,25.72,68,1.07,-26.98,-56.83,0,1553378449
Talnakh,RU,-15.23,76,2.42,69.49,88.39,80,1553378225
Atuona,PF,27.97,100,7.47,-9.8,-139.03,80,1553378385
Touros,BR,29.0,79,4.1,-5.2,-35.46,20,1553374800
Albany,US,3.89,47,4.1,42.65,-73.75,1,1553378227
Longyearbyen,NO,-8.0,61,6.2,78.22,15.63,20,1553374200
Laguna,MX,27.0,28,4.6,27.52,-110.01,5,1553373660
Bredasdorp,ZA,21.0,83,1.0,-34.53,20.04,44,1553377624
Cabo San Lucas,MX,27.22,44,4.1,22.89,-109.91,5,1553378150
Biltine,TD,25.72,24,3.02,14.53,20.93,0,1553378227
Busselton,AU,11.67,58,5.67,-33.64,115.35,68,1553378417
Rolla,US,16.67,38,7.2,37.95,-91.77,90,1553378130
Luderitz,NA,15.67,91,4.02,-26.65,15.16,20,1553378452
North Bend,US,13.89,71,5.7,43.41,-124.22,20,1553378121
Ilulissat,GL,-19.0,40,9.3,69.22,-51.1,56,1553374200
Lebu,ET,12.12,60,2.77,8.96,38.73,0,1553378453
Uvat,RU,-0.78,95,2.32,59.14,68.9,76,1553378229
Hambantota,LK,24.0,100,1.0,6.12,81.12,20,1553375400
Skibbereen,IE,6.0,97,2.1,51.55,-9.27,75,1553376600
Hermanus,ZA,19.44,90,1.52,-34.42,19.24,76,1553377624
Sharan,AF,-4.13,76,0.97,33.15,68.78,44,1553378230
Rikitea,PF,26.47,97,8.62,-23.12,-134.97,64,1553378454
Kargasok,RU,-6.38,85,1.07,59.06,80.87,12,1553378230
Tiznit,MA,14.97,100,3.07,29.7,-9.73,80,1553378176
Avarua,CK,29.0,79,2.1,-21.21,-159.78,68,1553374800
Alyangula,AU,28.0,83,3.6,-13.85,136.42,40,1553374800
Guane,CU,28.22,41,1.82,22.2,-84.09,8,1553378231
Aklavik,CA,-6.0,62,10.3,68.22,-135.01,40,1553374800
Lieksa,FI,1.47,90,3.67,63.32,30.02,0,1553378232
Okhotsk,RU,-5.88,85,3.22,59.36,143.24,80,1553378456
Tutoia,BR,28.0,65,2.6,-2.76,-42.27,40,1553374800
Jamestown,AU,17.92,86,4.67,-33.21,138.6,92,1553378457
Sciacca,IT,11.0,87,1.5,37.51,13.08,0,1553378180
Hasaki,JP,-1.0,80,1.5,35.73,140.83,20,1553374941
Vaini,IN,18.42,89,0.47,15.34,74.49,0,1553378457
Bonavista,CA,1.67,88,5.97,48.65,-53.11,92,1553377508
Mahebourg,MU,28.0,78,5.7,-20.41,57.7,75,1553378340
Hay River,CA,-7.0,67,8.2,60.82,-115.79,75,1553374800
Kruisfontein,ZA,19.77,79,3.12,-34.0,24.73,12,1553378458
Challapata,BO,16.47,18,2.17,-18.9,-66.78,68,1553378234
Yar-Sale,RU,-11.38,76,1.27,66.83,70.83,8,1553378459
Hovd,NO,4.0,85,13.9,63.83,10.7,75,1553378415
Kavieng,PG,28.22,100,4.22,-2.57,150.8,36,1553378459
Koumac,NC,25.97,89,3.32,-20.56,164.28,64,1553378235
Haicheng,CN,0.22,61,6.27,40.85,122.74,0,1553378236
Ushuaia,AR,13.0,66,2.6,-54.81,-68.31,75,1553374800
Kaitangata,NZ,15.37,82,2.57,-46.28,169.85,92,1553378460
Kapaa,US,27.0,69,9.3,22.08,-159.32,75,1553378305
Victoria,BN,27.0,88,1.0,5.28,115.24,75,1553374800
Vryburg,ZA,22.62,41,5.22,-26.96,24.73,24,1553378462
Sturgeon Falls,CA,0.56,42,6.2,46.36,-79.93,20,1553377817
Nanakuli,US,27.0,54,4.6,21.39,-158.15,90,1553378218
Taicheng,CN,12.78,93,1.34,22.25,112.8,56,1553378151
Nanortalik,GL,-5.18,100,5.12,60.14,-45.24,36,1553378463
Sao Joao da Barra,BR,26.0,78,3.1,-21.64,-41.05,75,1553374800
Jodar,ES,11.67,69,5.36,37.84,-3.35,0,1553378224
Barrow,AR,18.02,96,6.37,-38.31,-60.23,80,1553378464
Airai,TL,21.32,87,0.67,-8.93,125.41,32,1553378464
Hilo,US,26.0,54,4.1,19.71,-155.08,90,1553378444
Tiksi,RU,-17.78,84,1.32,71.64,128.87,68,1553378281
Humaita,AR,21.0,64,2.6,-24.93,-65.37,40,1553374800
Mataura,NZ,17.78,85,1.34,-46.19,168.86,76,1553378408
Sobolevo,RU,-0.88,78,3.87,54.43,31.9,36,1553378465
Grand Gaube,MU,28.0,78,5.7,-20.01,57.66,75,1553378340
Butaritari,KI,27.12,100,4.22,3.07,172.79,76,1553378466
Shimoda,JP,4.44,57,0.45,34.7,138.93,0,1553377372
Punta Arenas,CL,12.0,76,4.6,-53.16,-70.91,75,1553377995
East London,ZA,24.72,91,11.52,-33.02,27.91,0,1553378467
Carnarvon,ZA,20.97,22,1.17,-30.97,22.13,92,1553378467
Grand Prairie,US,21.11,68,7.2,32.75,-97.0,90,1553378225
Ust-Nera,RU,-25.13,53,0.97,64.57,143.24,32,1553378467
Port Alfred,ZA,22.78,94,0.45,-33.59,26.89,0,1553378329
Khani,GE,5.0,100,3.6,41.96,42.96,90,1553374800
Codrington,AU,23.89,88,2.1,-28.95,153.24,20,1553378447
Saint-Philippe,CA,1.67,54,5.62,45.36,-73.48,1,1553378453
Tuktoyaktuk,CA,-11.0,72,12.3,69.44,-133.03,90,1553374800
Te Anau,NZ,13.87,76,1.67,-45.41,167.72,88,1553378469
Cape Town,ZA,20.56,88,4.1,-33.93,18.42,0,1553378117
Mtsensk,RU,-5.78,80,1.37,53.28,36.58,0,1553378244
Batagay-Alyta,RU,-23.28,62,1.22,67.8,130.41,44,1553378244
Thompson,CA,-8.0,44,8.2,55.74,-97.86,20,1553374800
Poum,MK,1.87,82,0.82,41.28,20.71,0,1553378245
Chokurdakh,RU,-27.28,49,1.32,70.62,147.9,44,1553378429
Tokur,RU,-22.63,59,1.07,53.13,132.9,12,1553378246
Chuy,UY,22.32,79,2.97,-33.69,-53.46,0,1553378439
Ambulu,ID,24.57,100,1.67,-8.35,113.61,32,1553378246
Buraydah,SA,21.0,46,1.0,26.33,43.97,0,1553374800
Puerto Narino,CO,28.0,83,2.1,-3.77,-70.38,75,1553374800
Muli,IN,19.97,48,1.32,22.62,71.45,0,1553378247
Bien Hoa,VN,28.0,83,4.6,10.95,106.82,20,1553374800
Nikolskoye,RU,4.0,93,3.0,59.7,30.79,90,1553378435
Yellowknife,CA,-12.0,46,5.1,62.45,-114.38,20,1553378234
Severo-Kurilsk,RU,-1.13,99,7.37,50.68,156.12,80,1553378473
Mahanoro,MG,21.37,100,1.52,-19.9,48.8,92,1553378248
Chiriqui Grande,PA,17.22,46,2.68,8.95,-82.12,68,1553377799
Grindavik,IS,1.11,100,4.6,63.84,-22.43,75,1553377598
Hobart,AU,18.89,72,3.6,-42.88,147.33,20,1553378241
Sao Filipe,CV,21.47,97,6.47,14.9,-24.5,0,1553378475
Sibolga,ID,20.52,100,0.32,1.74,98.78,80,1553378250
Bathsheba,BB,28.0,65,7.7,13.22,-59.52,40,1553374800
Vrangel,RU,-2.03,100,6.12,42.73,133.08,0,1553378250
Bluff,AU,21.02,90,1.32,-23.58,149.07,0,1553378476
Maumere,ID,28.12,97,6.37,-8.63,122.22,64,1553378476
Caravelas,BR,26.97,100,8.82,-17.73,-39.27,88,1553378476
Santo Antonio do Ica,BR,31.07,69,2.52,-3.1,-67.94,12,1553378251
Naron,ES,15.0,62,6.27,43.52,-8.15,0,1553378007
Huzhou,CN,7.22,90,2.12,30.86,120.1,0,1553377967
Castro,CL,14.0,71,1.22,-42.48,-73.76,75,1553374800
Sept-Iles,CA,-1.0,63,6.7,50.2,-66.38,75,1553378010
Eenhana,NA,24.92,41,2.87,-17.48,16.34,56,1553378253
Kieta,PG,26.87,99,0.97,-6.22,155.63,80,1553378253
Lompoc,US,18.89,67,2.1,34.64,-120.46,75,1553378429
Malbork,PL,7.22,75,9.8,54.04,19.03,0,1553378209
Ornskoldsvik,SE,4.0,51,8.7,63.29,18.72,20,1553377800
Nizwa,OM,18.12,78,1.82,22.93,57.53,92,1553378079
Dire,ET,12.12,60,2.77,9.18,38.92,0,1553378254
Gillette,US,11.11,90,2.1,44.29,-105.5,90,1553377652
Simao,CN,13.92,70,0.87,22.76,100.79,44,1553378255
Naze,NG,25.0,88,1.5,5.43,7.07,20,1553374800
Chincha Alta,PE,22.0,30,9.8,-13.42,-76.13,40,1553374800
Kavaratti,IN,28.52,100,3.67,10.57,72.64,0,1553378480
Puerto Ayora,EC,29.0,74,5.1,-0.74,-90.35,20,1553377624
Arraial do Cabo,BR,26.0,78,2.6,-22.97,-42.02,20,1553374800
Poso,ID,25.27,100,1.07,-1.4,120.75,64,1553378256
Birao,CF,27.27,19,3.92,10.3,22.78,0,1553378256
Lorengau,PG,27.82,100,5.47,-2.02,147.27,88,1553378481
Rancho Palos Verdes,US,19.44,72,6.2,33.75,-118.37,40,1553378015
Qaanaaq,GL,-29.93,93,4.82,77.48,-69.36,8,1553378482
Nara,JP,6.0,80,2.1,34.68,135.8,40,1553378350
Paita,PE,17.0,290,5.42,-5.09,-81.11,0,1553374800
Mar del Plata,AR,15.97,64,4.72,-46.43,-67.52,64,1553378405
Santa Cruz Cabralia,BR,25.0,98,2.1,-16.28,-39.02,75,1553374800
Vardo,US,11.11,13,7.7,39.62,-77.74,1,1553378475
Faya,SA,17.0,39,1.77,18.39,42.45,0,1553374800
Caledon,ZA,19.44,90,1.52,-34.23,19.43,76,1553377624
Sabang,PH,23.27,93,4.42,13.72,123.58,0,1553378259
Lazarev,RU,-18.78,57,3.27,52.23,141.51,8,1553378259
Ochamchira,GE,5.57,100,2.57,42.71,41.47,92,1553378259
Burns Lake,CA,6.52,51,1.32,54.23,-125.76,8,1553378260
Arlit,NE,24.62,28,3.92,18.74,7.39,44,1553378260
Chapais,CA,-3.0,32,5.7,49.78,-74.86,1,1553374800
Sitka,US,17.78,45,2.68,37.17,-99.65,0,1553378455
Havre-Saint-Pierre,CA,-2.0,79,7.2,50.23,-63.6,90,1553377560
Shubarshi,KZ,2.47,72,2.27,48.59,57.19,76,1553378261
Richards Bay,ZA,21.47,95,2.92,-28.77,32.06,44,1553378487
Ko Samui,TH,29.07,100,4.47,9.54,99.94,0,1553378261
Georgetown,GY,29.0,70,5.1,6.8,-58.16,20,1553374800
Geraldton,CA,11.0,17,7.7,49.72,-86.95,5,1553374800
Presidencia Roque Saenz Pena,AR,28.32,54,3.02,-26.79,-60.44,0,1553378262
Aswan,EG,22.37,35,3.02,24.09,32.9,8,1553378262
Katsuura,JP,5.0,80,5.7,33.93,134.5,20,1553378018
Guerrero Negro,MX,22.22,49,4.92,27.97,-114.04,0,1553378489
Thinadhoo,MV,29.22,100,3.67,0.53,72.93,92,1553378489
Mackenzie,CA,8.0,94,3.1,55.34,-123.09,90,1553374800
Dzialdowo,PL,8.0,81,5.1,53.24,20.17,20,1553374800
Pimentel,BR,24.72,99,1.17,-3.7,-45.5,44,1553378264
Gambela,ET,23.37,66,0.72,8.25,34.59,68,1553378264
Alice Springs,AU,28.0,51,4.6,-23.7,133.88,36,1553374800
Bambous Virieux,MU,28.0,78,5.7,-20.34,57.76,75,1553378340
Riyadh,SA,20.0,68,2.6,24.63,46.72,0,1553374800
Dikson,RU,-7.63,93,9.52,73.51,80.55,88,1553378492
Manica,MZ,19.0,100,4.1,-18.94,32.88,75,1553374800
Aliaga,PH,25.0,78,1.0,15.5,120.85,75,1553374800
Siuna,NI,28.77,49,1.52,13.73,-84.78,0,1553378266
Cidreira,BR,21.67,79,2.42,-30.17,-50.22,0,1553378493
Preobrazheniye,RU,-9.08,60,1.67,42.9,133.91,0,1553378267
Pecos,US,26.0,11,4.6,31.42,-103.49,1,1553377936
Iqaluit,CA,-14.0,77,10.8,63.75,-68.52,90,1553377970
Itaituba,BR,29.0,74,2.02,-4.26,-55.99,40,1553374800
Pastos Bons,BR,27.52,76,1.97,-6.6,-44.09,76,1553378268
Linxia,CN,-9.43,72,1.07,35.6,103.21,8,1553378268
Kodiak,US,13.0,69,5.1,39.95,-94.76,90,1553378486
Pangnirtung,CA,-17.88,73,11.32,66.15,-65.72,80,1553378495
Vaitape,PF,29.47,97,4.47,-16.52,-151.75,8,1553378269
Cherskiy,RU,-22.98,50,0.87,68.75,161.3,20,1553378495
Kontagora,NG,27.27,59,0.02,10.4,5.47,0,1553378270
Lavrentiya,RU,-9.28,100,5.72,65.58,-170.99,92,1553378496
Fortuna,ES,15.0,76,1.5,38.18,-1.13,0,1553378485
Saskylakh,RU,-31.88,38,1.32,71.97,114.09,0,1553378497
Beachwood,US,8.89,34,3.6,41.46,-81.51,5,1553378268
Ribeira Grande,PT,13.0,66,6.2,38.52,-28.7,20,1553374800
Srednekolymsk,RU,-20.13,52,1.07,67.46,153.71,12,1553378498
Wanning,AT,10.0,75,3.6,48.64,13.53,0,1553378258
Comodoro Rivadavia,AR,16.0,67,3.1,-45.87,-67.48,20,1553374800
Fengzhen,CN,-8.23,68,2.42,40.43,113.15,0,1553378273
Quatre Cocos,MU,28.0,78,5.7,-20.21,57.76,75,1553378340
Roald,NO,4.0,86,8.7,62.58,6.12,75,1553378103
Mount Isa,AU,25.0,83,6.7,-20.73,139.49,90,1553374800
Khatanga,RU,-28.53,28,1.37,71.98,102.47,8,1553378500
Anadyr,RU,-17.0,77,7.0,64.73,177.51,75,1553377995
Bilma,NE,26.22,12,5.82,18.69,12.92,56,1553378274
Vallenar,CL,21.87,70,1.32,-28.58,-70.76,8,1553378275
Kahului,US,28.89,48,8.7,20.89,-156.47,20,1553378034
Dharchula,IN,1.02,67,1.22,29.85,80.53,0,1553378275
New Norfolk,AU,17.22,72,3.6,-42.78,147.06,20,1553378475
Banda Aceh,ID,23.52,97,0.47,5.56,95.32,0,1553378102
Pevek,RU,-28.08,80,1.17,69.7,170.27,0,1553378502
Griffith,AU,19.0,88,2.1,-34.29,146.06,90,1553377816
Paamiut,GL,-6.78,100,5.67,61.99,-49.67,8,1553378124
Dyersburg,US,21.0,26,2.6,36.03,-89.39,1,1553378107
Bar,UA,-1.88,74,1.32,49.07,27.67,0,1553378277
Port Keats,AU,30.12,80,8.87,-14.25,129.55,88,1553378503
Atherton,GB,7.0,70,1.0,53.52,-2.49,0,1553378271
Maningrida,AU,28.47,84,6.97,-12.05,134.23,32,1553378504
Apastovo,RU,0.0,92,2.0,55.2,48.51,75,1553374800
Kailua,US,27.0,64,5.1,21.39,-157.74,75,1553378116
Namatanai,PG,27.02,100,3.92,-3.66,152.44,48,1553378504
Upernavik,GL,-21.48,100,3.22,72.79,-56.15,24,1553378505
Ketchikan,US,11.0,66,3.1,55.34,-131.65,90,1553376180
Rawson,AR,16.77,58,12.52,-43.3,-65.11,92,1553377838
Hithadhoo,MV,30.27,100,3.17,-0.6,73.08,88,1553378505
Csanadpalota,HU,10.56,48,0.5,46.25,20.73,0,1553378050
Tiarei,PF,31.0,74,7.7,-17.53,-149.33,20,1553377991
Mogadishu,SO,27.47,100,6.62,2.04,45.34,76,1553378280
Ratnagiri,IN,25.62,100,1.97,16.98,73.3,0,1553377927
Ossora,RU,-10.43,80,4.37,59.24,163.07,12,1553378506
Diphu,IN,14.22,100,1.17,25.84,93.44,36,1553378281
Rupert,US,13.0,37,3.1,42.62,-113.68,1,1553374380
Benguela,AO,27.12,100,1.07,-12.58,13.4,44,1553378281
Makakilo City,US,27.0,54,4.6,21.35,-158.09,90,1553377918
Pacific Grove,US,18.33,59,2.1,36.62,-121.92,1,1553378428
Hamilton,BM,19.0,72,8.2,32.3,-64.78,75,1553378318
Watertown,US,11.0,57,2.6,44.9,-97.12,1,1553377732
Mpongwe,ZM,20.62,68,2.97,-13.51,28.16,8,1553378283
Khandyga,RU,-26.38,44,1.07,62.65,135.58,12,1553378508
Paramonga,PE,21.27,94,3.37,-10.68,-77.82,20,1553378283
Saint-Georges,CA,1.67,61,6.26,46.12,-70.67,80,1553377624
Kargil,PK,-16.63,83,0.32,34.56,76.13,80,1553378284
Ucluelet,CA,13.33,76,4.1,48.94,-125.55,20,1553378278
Sinnamary,GF,27.22,91,5.47,5.38,-52.96,92,1553378509
Puerto Escondido,MX,29.0,70,3.1,15.86,-97.07,20,1553373660
Narsaq,GL,-11.0,51,3.1,60.91,-46.05,24,1553374200
Wajid,SO,28.72,37,4.57,3.81,43.25,0,1553378286
Greenville,US,20.56,20,3.1,34.85,-82.4,1,1553378274
Nyurba,RU,-9.73,70,3.57,63.29,118.35,64,1553378287
Hatillo,PR,27.22,74,5.7,18.49,-66.83,90,1553377982
San Vicente,SV,32.0,52,3.6,13.64,-88.78,20,1553378115
Provideniya,RU,-8.48,100,8.07,64.42,-173.23,92,1553378453
Limbuhan,PH,22.67,100,3.22,11.06,125.02,24,1553378290
Mao,DO,29.0,54,7.7,19.55,-71.08,40,1553378149
Aksu,KZ,-1.0,100,2.0,52.04,76.93,75,1553374800
Cascais,PT,19.44,39,4.6,38.7,-9.42,0,1553378168
Rocha,UY,22.52,55,3.22,-34.48,-54.34,64,1553378513
Muisne,EC,29.0,79,3.1,0.61,-80.02,75,1553374800
Nouadhibou,MR,19.0,82,5.1,20.93,-17.03,0,1553374800
Hualmay,PE,24.22,69,1.97,-11.1,-77.61,44,1553378513
Great Yarmouth,GB,7.22,81,3.12,52.61,1.73,88,1553378265
Agadez,NE,27.52,24,3.92,16.97,7.99,36,1553378182
Faanui,PF,28.87,100,4.22,-16.48,-151.75,8,1553378514
Waingapu,ID,23.52,94,2.17,-9.65,120.26,56,1553378292
Wilmington,US,11.11,21,5.1,39.75,-75.55,1,1553378268
Loding,DE,10.0,75,2.1,48.05,12.68,0,1553378276
Saint-Pierre,FR,6.0,93,2.6,48.95,4.24,0,1553378225
Puerto Madryn,AR,18.27,68,14.12,-42.77,-65.04,80,1553378294
Eydhafushi,MV,29.97,95,3.77,5.1,73.07,56,1553378515
Puerto Madero,AR,24.0,53,4.6,-34.61,-58.36,0,1553378420
Kununurra,AU,25.0,94,0.5,-15.77,128.74,8,1553374800
San Policarpo,PH,24.72,94,5.67,12.18,125.51,92,1553378179
Port-Gentil,GA,28.0,83,2.6,-0.72,8.78,40,1553374800
Port Lincoln,AU,15.72,100,2.22,-34.72,135.86,64,1553378295
Karlstad,SE,5.0,60,6.2,59.38,13.5,0,1553375713
Bandarbeyla,SO,27.02,100,4.37,9.49,50.81,92,1553378295
Sorland,NO,4.47,98,20.42,67.67,12.69,92,1553378517
Bethel,US,7.0,65,5.1,60.79,-161.76,1,1553378160
Colonia,RO,7.22,42,4.6,46.6,23.97,0,1553376600
Sande,DE,9.44,100,1.0,51.76,8.66,75,1553378288
Kakhi,AZ,5.0,75,3.1,41.42,46.93,40,1553374800
Torbay,CA,5.56,93,2.1,47.66,-52.73,90,1553377971
Labuhan,ID,22.47,95,0.62,-2.54,115.51,88,1553378519
Meulaboh,ID,25.47,100,1.52,4.14,96.13,32,1553378040
Pochutla,MX,29.44,70,3.1,15.74,-96.47,20,1553378449
Vila Praia de Ancora,PT,15.56,54,1.5,41.81,-8.85,0,1553378270
Ishim,RU,-5.63,80,3.42,56.11,69.47,76,1553378299
Sambava,MG,27.62,100,6.22,-14.27,50.17,68,1553378520
Mastic Beach,US,9.0,42,6.2,40.77,-72.85,1,1553378239
Pedernales,EC,25.62,86,3.27,0.07,-80.05,76,1553378299
Kupang,ID,27.37,96,4.02,-10.16,123.6,12,1553378300
Kloulklubed,PW,24.0,88,2.1,7.04,134.26,40,1553374200
Esperance,TT,30.0,54,3.42,10.24,-61.45,20,1553378107
Lovozero,RU,-0.48,87,4.17,68.01,35.02,64,1553378301
Hagi,JP,4.44,64,2.57,34.43,131.51,12,1553378245
Amos,CA,1.0,29,4.1,48.57,-78.12,20,1553374800
Victoria,BN,27.0,88,1.0,5.28,115.24,75,1553374800
Amahai,ID,27.42,100,4.02,-3.31,129.0,20,1553378302
Newport,GB,9.0,70,4.1,51.59,-3.0,40,1553377994
Tahlequah,US,12.78,93,5.02,35.92,-94.97,90,1553378161
Shawinigan,CA,4.0,32,2.6,46.54,-72.75,1,1553377680
Kulhudhuffushi,MV,28.87,100,2.32,6.62,73.07,0,1553378303
Hofn,IS,4.27,100,9.57,64.25,-15.21,88,1553378303
Rodrigues Alves,BR,28.0,78,1.32,-7.74,-72.65,75,1553374800
Road Town,VG,27.0,69,6.2,18.42,-64.62,20,1553378232
Annau,TM,8.0,93,2.1,37.89,58.52,20,1553374800
Bosaso,SO,25.22,100,1.72,11.28,49.18,0,1553378304
Maniitsoq,GL,-13.18,86,8.37,65.42,-52.9,68,1553378524
Marzuq,YE,12.02,89,1.12,14.4,46.47,0,1553378273
San Juan,PH,26.11,74,4.1,14.6,121.03,75,1553377568
Valle Hermoso,MX,26.0,57,7.7,25.67,-97.82,90,1553378184
Saint Anthony,US,7.78,70,1.5,43.97,-111.68,90,1553377851
Leningradskiy,RU,-21.23,86,9.07,69.38,178.42,88,1553378306
Tasiilaq,GL,-11.0,56,5.7,65.61,-37.64,0,1553374200
Caceres,CO,23.62,84,0.27,5.53,-74.53,44,1553378307
Saint George,GR,7.0,81,2.1,39.45,22.34,0,1553374200
Sawtell,AU,23.0,88,1.5,-30.38,153.1,75,1553378307
Pisco,PE,22.0,30,9.8,-13.71,-76.2,40,1553374800
Gat,SN,19.0,77,7.7,14.69,-16.54,0,1553376600
Trogir,HR,15.0,44,1.5,43.52,16.25,0,1553378168
Leh,IN,-16.68,81,0.72,34.16,77.58,88,1553378165
Saldanha,PT,12.67,47,3.42,41.42,-6.55,0,1553378528
Constitucion,MX,24.44,7,4.6,23.99,-104.67,5,1553378415
Guozhen,CN,4.42,94,1.02,29.3,113.14,92,1553378309
Baiyin,CN,-4.0,68,2.0,36.55,104.13,0,1553374800
Dingle,PH,24.47,73,5.97,11.0,122.67,0,1553378310
Gull Lake,CA,14.0,47,3.6,50.1,-108.48,1,1553374800
Midland,US,24.0,25,3.6,32.0,-102.08,32,1553377568
Katra,IN,15.0,87,0.5,32.99,74.93,40,1553373000
Soufriere,LC,29.44,66,8.2,13.86,-61.06,20,1553377707
Kuloy,RU,-2.38,90,6.32,61.03,42.49,88,1553378312
Conde,BR,27.27,92,1.62,-11.81,-37.61,80,1553378530
Kem,UG,23.02,41,4.02,2.68,33.77,0,1553378312
Puerto Montt,CL,15.0,67,2.6,-41.47,-72.94,75,1553374800
Skjervoy,NO,2.72,99,6.12,70.03,20.97,88,1553378313
Vestmannaeyjar,IS,3.02,100,10.07,63.44,-20.27,8,1553378531
Male,UA,-1.38,84,2.12,50.74,33.7,0,1553378313
Yulara,AU,26.0,39,3.6,-25.24,130.99,0,1553374800
Tarpon Springs,US,27.78,29,2.1,28.15,-82.76,90,1553378067
Nagato,JP,8.0,45,3.6,34.35,131.14,75,1553378245
Puri,ID,19.97,91,0.77,-7.54,112.45,12,1553378314
Inhambane,MZ,26.02,86,5.72,-23.87,35.38,36,1553378533
Tautira,PF,31.0,74,7.7,-17.73,-149.15,20,1553377991
Mehamn,NO,-3.78,70,3.47,71.03,27.85,0,1553378315
Alghero,IT,9.0,93,0.5,40.56,8.32,0,1553376000
Zholymbet,KZ,1.47,94,1.07,51.74,71.71,92,1553378316
Antalaha,MG,26.22,90,4.32,-14.9,50.28,32,1553378316
Neiafu,TO,26.0,69,2.6,-18.65,-173.98,75,1553374800
Norman Wells,CA,-1.0,63,8.7,65.28,-126.83,75,1553374800
Maldonado,UY,24.0,50,3.1,-34.91,-54.96,40,1553374800
Mufulira,ZM,20.32,78,3.02,-12.55,28.24,24,1553378317
Biu,NG,29.82,28,2.12,10.61,12.19,68,1553378317
Paramirim,BR,22.22,88,1.22,-13.44,-42.24,88,1553378126
Ulagan,RU,-16.38,59,1.37,50.63,87.96,0,1553378318
San Quintin,PH,16.97,83,1.52,17.54,120.52,20,1553378536
Itarema,BR,25.37,96,1.62,-2.92,-39.92,92,1553378536
Rovira,CO,26.0,88,2.1,4.24,-75.24,75,1553374800
Zhigalovo,RU,-4.43,78,2.12,54.81,105.15,80,1553378319
Nome,US,24.0,38,4.1,30.04,-94.42,90,1553378108
Lukovetskiy,RU,1.0,89,5.0,64.29,41.92,90,1553374800
Verkhnyaya Inta,RU,-4.43,76,2.82,65.99,60.32,36,1553378320
Ternate,PH,26.11,74,4.1,14.29,120.72,75,1553377568
Akdepe,TM,10.0,81,2.1,42.05,59.39,0,1553374800
Vangaindrano,MG,20.67,100,1.92,-23.35,47.6,92,1553378321
Bilibino,RU,-24.13,53,1.02,68.06,166.44,0,1553378143
Semey,KZ,-9.18,67,1.22,50.41,80.25,0,1553378321
Port-Cartier,CA,-1.0,63,6.7,50.03,-66.88,75,1553378311
Port Augusta,AU,21.67,88,3.22,-32.49,137.76,40,1553378377
Fort Nelson,CA,5.0,60,0.87,58.81,-122.69,75,1553374800
Bonthe,SL,28.37,72,2.32,7.53,-12.5,92,1553378135
Lagoa,PT,16.11,72,3.1,37.14,-8.45,0,1553378531
Coquimbo,CL,16.0,77,5.1,-29.95,-71.34,20,1553374800
Eyl,SO,26.57,96,5.22,7.98,49.82,92,1553378323
Alta Floresta,BR,27.72,81,0.52,-9.87,-56.08,36,1553378540
Iisalmi,FI,3.0,74,6.2,63.56,27.19,0,1553377800
Moche,PE,22.0,83,5.1,-8.17,-79.01,75,1553374800
Stykkisholmur,IS,1.82,99,6.72,65.08,-22.73,36,1553378324
Alofi,NU,28.0,65,4.6,-19.06,-169.92,68,1553374800
Vila Franca do Campo,PT,13.0,76,10.8,37.72,-25.43,75,1553378514
Clyde River,CA,-27.0,75,8.2,70.47,-68.59,75,1553374800
Tondano,ID,22.0,100,0.5,1.3,124.91,20,1553374800
Benghazi,LY,15.77,100,6.47,32.12,20.07,92,1553378316
Ponta do Sol,BR,23.92,73,1.42,-20.63,-46.0,88,1553378529
Jussara,BR,30.22,71,1.42,-15.87,-50.87,24,1553378326
Vradiyivka,UA,2.87,62,3.67,47.86,30.59,56,1553378327
Isla Mujeres,MX,26.0,54,4.1,21.23,-86.73,40,1553377990
Gamba,CN,-25.38,34,0.72,28.28,88.52,0,1553378327
Saint-Michel-des-Saints,CA,-0.28,46,4.97,46.68,-73.92,0,1553378327
Rensvik,NO,3.0,86,24.7,63.1,7.82,75,1553377800
Campoverde,IT,14.44,66,2.1,41.54,12.73,0,1553378326
Bugene,TZ,18.52,89,1.27,-1.59,31.14,0,1553378328
Mbandaka,CD,22.87,100,1.07,0.05,18.26,36,1553378329
Winkler,CA,8.0,100,4.1,49.19,-97.94,1,1553378240
Neuenburg,DE,5.56,93,2.1,53.39,7.95,20,1553378285
Port Hawkesbury,CA,3.33,87,3.1,45.62,-61.36,90,1553378151
Ballina,IE,7.22,86,0.89,54.11,-9.15,0,1553377927
Sarakhs,TM,9.0,87,2.1,36.54,61.16,0,1553374800
Golden,CA,12.0,37,0.97,51.3,-116.96,75,1553377505
Shanting,CN,-2.88,72,2.12,35.08,117.46,0,1553378331
Mitha Tiwana,PK,9.42,91,1.17,32.24,72.11,24,1553378331
Pudozh,RU,0.12,95,8.57,61.81,36.54,88,1553378331
Huaiyuan,CN,3.02,82,2.42,32.97,117.2,20,1553378332
Brownsville,US,26.0,61,8.7,25.91,-97.49,90,1553378294
Samarai,PG,25.12,100,4.52,-10.62,150.67,92,1553378548
Northam,GB,9.44,93,0.5,51.04,-4.21,75,1553378269
Bongor,TD,28.07,30,2.42,10.28,15.37,0,1553378333
Bud,NO,4.0,69,11.8,62.91,6.91,40,1553377800
Broken Hill,AU,23.0,56,5.1,-31.97,141.45,75,1553374800
Chegdomyn,RU,-22.08,57,1.22,51.13,133.04,0,1553378334
Semnan,IR,3.67,43,1.47,35.58,53.39,64,1553378334
Along,IN,11.07,95,0.77,28.17,94.8,36,1553378550
Kastamonu,TR,-3.38,81,2.12,41.38,33.78,64,1553378335
Strezhevoy,RU,-3.0,92,2.0,60.73,77.6,75,1553374800
Finnsnes,NO,3.0,59,6.2,69.23,17.98,92,1553377800
Lins,BR,27.82,66,1.32,-21.67,-49.75,0,1553378336
Whitianga,NZ,23.33,80,0.89,-36.83,175.7,88,1553378109
LA MATA,CO,32.12,58,0.92,9.15,-73.75,0,1553378336
Karatau,KZ,6.72,77,5.12,43.18,70.46,80,1553378551
Praia da Vitoria,PT,12.22,81,13.47,38.73,-27.07,75,1553377762
Palu,ID,18.87,95,0.67,-0.9,119.87,88,1553378125
Svetlogorsk,RU,-3.0,92,2.0,53.14,59.15,88,1553374800
Half Moon Bay,US,17.78,71,7.2,37.46,-122.43,20,1553378326
Arman,RU,-8.18,69,3.87,59.7,150.17,68,1553378338
Rafai,CF,26.62,60,2.97,4.95,23.92,8,1553378338
Westport,IE,7.22,71,6.71,53.8,-9.52,44,1553378526
Palmas,BR,25.0,94,1.5,-10.18,-48.33,40,1553374800
Katima Mulilo,NA,24.77,42,3.47,-17.5,24.28,0,1553378339
Olivehurst,US,18.33,55,5.1,39.1,-121.55,40,1553378327
Khuzhir,RU,-5.23,71,2.97,53.19,107.35,24,1553378340
Bukama,CD,22.37,93,1.42,-9.2,25.85,48,1553378340
Ilebo,CD,21.87,99,0.87,-4.33,20.59,100,1553378340
Nelson Bay,AU,24.44,88,3.6,-32.72,152.14,24,1553377828
Sao Raimundo das Mangabeiras,BR,27.37,76,2.67,-7.02,-45.48,56,1553378270
Fier,AL,8.32,78,0.52,40.73,19.56,0,1553378341
Lyuban,BY,-0.08,64,3.32,52.8,28.0,12,1553378342
Puerto Carreno,CO,37.0,35,1.62,6.19,-67.49,56,1553374800
Awjilah,LY,18.02,62,5.42,29.14,21.3,0,1553378342
Pombas,BR,33.57,39,1.97,-15.9,-54.74,36,1553378342
Laukaa,FI,2.0,64,3.6,62.42,25.95,0,1553378143
Bose,IT,14.44,35,2.1,45.46,8.01,0,1553378343
Sidi Ali,DZ,10.77,90,2.02,36.1,0.42,0,1553378175
Weligama,LK,25.17,100,1.67,5.97,80.42,32,1553378344
Andra,RU,-4.88,84,2.02,62.52,65.89,36,1553378345
Chara,GR,7.0,81,2.1,39.42,22.43,0,1553374200
Lithakia,GR,13.89,58,2.1,37.72,20.83,0,1553378176
Bethanien,NA,24.52,18,2.57,-26.5,17.16,0,1553378346
Port Elizabeth,US,11.11,17,8.2,39.31,-74.98,1,1553378335
Hami,CN,0.67,42,3.62,42.84,93.51,0,1553378562
Sahuaripa,MX,23.67,31,1.22,29.05,-109.23,0,1553378346
Hervey Bay,AU,29.44,94,2.1,-25.3,152.85,0,1553378408
Mayo,CA,12.0,40,2.6,63.59,-135.9,40,1553374800
Byron Bay,AU,27.22,88,1.0,-28.65,153.62,8,1553378124
Komsomolskiy,RU,-7.28,90,6.12,67.55,63.78,48,1553378348
Necochea,AR,24.47,50,9.07,-38.55,-58.74,56,1553378550
Araouane,ML,25.72,15,4.17,18.9,-3.53,76,1553378348
Sandy Bay,AU,18.89,72,3.6,-42.9,147.33,20,1553378295
Visina,RO,9.44,24,2.6,44.58,25.33,0,1553378205
Puerto El Triunfo,SV,31.0,52,3.6,13.27,-88.55,20,1553374200
Petit Goave,HT,30.0,55,5.1,18.43,-72.87,40,1553378117
Ostersund,SE,0.0,58,13.9,63.18,14.64,8,1553377909
Eldorado,MX,30.56,27,2.6,24.32,-107.36,5,1553378296
Lae,PG,24.0,88,2.6,-6.72,146.98,40,1553374800
Borger,NL,5.0,93,1.0,52.92,6.79,68,1553378328
La Ronge,CA,-1.0,74,6.7,55.1,-105.3,75,1553374800
Revda,RU,-0.48,87,4.17,67.94,34.55,64,1553378351
Monte Santo,BR,24.67,86,1.67,-10.44,-39.33,20,1553378352
Nampula,MZ,24.0,94,2.6,-15.12,39.26,90,1553374800
Lexington,US,16.67,24,2.02,38.05,-84.5,1,1553378267
Mimongo,GA,21.52,98,1.07,-1.62,11.6,92,1553378353
Russas,BR,24.87,95,2.37,-4.93,-37.97,88,1553378353
College,US,10.56,42,3.1,64.86,-147.8,20,1553378132
Coroata,BR,27.37,74,2.52,-6.39,-44.31,88,1553378354
Macau,BR,25.22,94,1.87,-5.11,-36.64,48,1553378354
Zhezkazgan,KZ,1.12,87,0.17,47.8,67.71,88,1553378355
Noyabrsk,RU,-5.38,86,2.07,63.2,75.45,88,1553378355
Mecca,SA,16.52,61,1.17,21.43,39.83,0,1553378355
Qazvin,IR,4.47,98,2.82,36.28,50.01,92,1553378356
Vao,EE,2.32,95,4.57,59.1,26.19,80,1553378570
Haines Junction,CA,7.02,54,1.97,60.75,-137.51,44,1553378356
Mezen,RU,0.52,80,5.72,65.85,44.24,92,1553378356
Buta,CD,21.52,96,1.62,2.79,24.73,32,1553378357
Carauari,BR,31.27,68,1.87,-4.88,-66.9,8,1553378357
Kungurtug,RU,-17.38,57,1.52,50.6,97.53,0,1553378357
Sinjar,SY,12.02,76,3.47,35.59,37.0,20,1553378358
Husavik,CA,10.0,68,2.68,50.56,-96.99,0,1553378153
Rumoi,JP,-7.0,85,3.1,43.93,141.67,75,1553377200
Marsh Harbour,BS,23.47,100,3.47,26.54,-77.06,0,1553378358
Sayyan,YE,10.47,79,0.72,15.17,44.32,20,1553378359
Sisimiut,GL,-21.83,73,0.77,66.94,-53.67,44,1553378354
Brigantine,US,11.0,23,12.3,39.41,-74.36,1,1553378358
Mpika,ZM,18.82,92,3.77,-11.84,31.4,20,1553378573
Tome,JP,-1.0,74,2.6,38.69,141.2,75,1553374800
Balkanabat,TM,2.47,83,1.62,39.51,54.36,8,1553378360
Kuusamo,FI,-1.0,86,5.1,65.96,29.19,0,1553377800
Mitu,IR,-0.98,89,1.42,36.2,46.09,64,1553378361
Vostok,RU,-19.38,57,1.07,46.45,135.83,0,1553378361
Busia,UG,19.22,63,2.92,0.47,34.09,0,1553378361
Tommot,RU,-9.13,87,1.12,58.97,126.27,80,1553378362
Fairbanks,US,10.56,42,3.1,64.84,-147.72,20,1553377828
Upington,ZA,31.0,27,5.1,-28.46,21.24,88,1553374800
Pampa,US,21.0,25,5.1,35.54,-100.96,40,1553377584
Sumter,US,20.56,25,2.6,33.92,-80.34,1,1553378317
Takoradi,GH,28.42,96,2.62,4.89,-1.75,32,1553378363
Muravlenko,RU,-3.63,93,2.87,63.79,74.5,64,1553378363
Palauig,PH,21.72,100,2.87,15.44,119.9,0,1553378364
Henties Bay,NA,16.67,90,2.24,-22.12,14.28,0,1553374927
Cabedelo,BR,29.0,74,4.1,-6.97,-34.84,20,1553374800
Sunrise Manor,US,24.0,16,5.1,36.21,-115.07,1,1553378363
Turbat,PK,20.87,66,3.82,26.0,63.05,100,1553378365
Havre,US,15.0,70,3.6,48.55,-109.68,1,1553377638
Evensk,RU,-6.63,90,8.07,61.92,159.24,0,1553378366
Dunedin,NZ,18.33,70,3.13,-45.87,170.5,56,1553378316
Totolapa,MX,29.0,58,3.1,20.56,-97.48,75,1553373780
Waterbury,US,9.0,41,7.2,41.56,-73.05,1,1553378362
Malanville,NE,27.22,30,2.72,11.86,3.39,0,1553378367
Vetluzhskiy,RU,-3.33,91,1.87,58.39,45.47,0,1553378368
Rafaela,AR,29.44,41,0.45,-31.25,-61.49,0,1553378345
Pontes e Lacerda,BR,29.17,73,1.77,-15.23,-59.33,8,1553378369
Karratha,AU,28.12,60,16.52,-20.74,116.85,80,1553378446
Cananea,MX,22.0,10,5.1,30.98,-110.3,1,1553378154
Stepnyak,KZ,-7.98,70,1.27,52.83,70.79,48,1553378370
Kaffrine,SN,28.0,42,5.1,14.1,-15.55,0,1553374800
Jasper,US,23.89,20,1.57,33.83,-87.28,1,1553378136
La Palma,CO,23.62,84,0.27,5.36,-74.39,44,1553378371
Saint-Junien,FR,12.22,46,3.6,45.89,0.9,0,1553378315
Sur,OM,22.77,93,1.72,22.57,59.53,24,1553378372
Angoche,MZ,28.22,100,4.37,-16.23,39.91,8,1553378372
Magnitogorsk,RU,-3.0,92,2.0,53.42,58.98,92,1553374800
Alto Araguaia,BR,31.52,32,3.02,-17.32,-53.22,0,1553378373
Mapiripan,CO,26.87,88,1.67,2.89,-72.13,92,1553378373
Nago,IT,13.0,50,1.5,45.88,10.89,0,1553378344
Klaksvik,FO,6.0,75,5.7,62.23,-6.59,80,1553377800
Kalabo,ZM,24.42,38,3.92,-15.0,22.67,0,1553378374
Maragogi,BR,26.72,89,3.87,-9.01,-35.22,32,1553378354
Kostakioi,GR,14.0,58,1.0,39.14,20.96,0,1553378220
Waipawa,NZ,21.67,66,1.82,-39.94,176.59,0,1553377937
Englehart,CA,6.0,33,5.1,47.82,-79.87,1,1553376720
Madimba,CM,24.0,94,1.0,4.42,9.93,75,1553374800
Jinchang,CN,-11.03,53,2.02,38.52,102.19,20,1553378376
Graham,US,18.0,14,3.6,36.07,-79.4,1,1553378355
Souillac,FR,14.0,50,2.1,45.6,-0.6,0,1553378289
Stawell,AU,15.56,83,0.45,-37.06,142.77,24,1553377760
Suleja,NG,30.0,40,1.0,9.18,7.18,0,1553374800
Atar,MR,20.77,41,2.52,20.52,-13.05,0,1553378378
Adrar,DZ,21.0,19,3.1,27.87,-0.29,0,1553374800
Conceicao da Barra,BR,25.82,99,6.17,-18.59,-39.73,92,1553378378
Vila Velha,BR,27.0,83,3.6,-3.71,-38.6,75,1553377537
Russell,AR,28.0,32,2.1,-33.01,-68.8,0,1553374800
San Cristobal,EC,18.0,77,4.1,-0.39,-78.55,75,1553377519
Kutum,SD,20.72,32,2.32,14.2,24.66,32,1553378159
Egvekinot,RU,-17.53,69,2.37,66.32,-179.17,88,1553378313
Mwinilunga,ZM,19.47,80,1.02,-11.73,24.43,44,1553378380
Barinas,VE,36.27,32,2.87,8.64,-70.23,0,1553378380
Vanavara,RU,-14.63,71,1.67,60.35,102.28,0,1553378381
Shahr-e Babak,IR,4.02,89,3.92,30.12,55.12,0,1553378381
Beecher,US,13.33,43,2.32,41.34,-87.62,1,1553378222
Rio Gallegos,AR,13.0,82,3.1,-51.62,-69.22,40,1553374800
Avera,US,23.33,19,2.1,33.19,-82.53,1,1553378340
Hacari,CO,22.47,84,1.12,8.32,-73.15,68,1553378382
Virginia Beach,US,16.67,18,3.6,36.85,-75.98,1,1553378226
Fereydunshahr,IR,-9.23,63,1.87,32.94,50.12,8,1553378383
Kasempa,ZM,19.77,73,2.87,-13.46,25.83,12,1553378383
Taoudenni,ML,24.62,15,4.57,22.68,-3.98,36,1553378383
Flinders,AU,23.33,78,3.1,-34.58,150.85,68,1553378540
Klyuchi,RU,-4.88,75,2.67,52.25,79.17,0,1553378384
Atbasar,KZ,-3.33,82,1.32,51.81,68.36,68,1553378384
Mana,RS,5.0,75,0.5,43.52,20.24,0,1553376600
Natal,BR,29.0,74,3.1,-5.81,-35.21,40,1553374800
Namtsy,RU,-14.0,60,4.0,62.72,129.66,40,1553374800
Vasai,IN,21.57,68,3.57,22.43,69.93,0,1553378385
Pitimbu,BR,29.0,74,4.1,-7.47,-34.81,20,1553374800
Swellendam,ZA,21.0,83,1.0,-34.02,20.44,76,1553374800
Litija,SI,8.89,86,1.5,46.06,14.83,0,1553378379
Chahal,GT,26.87,63,1.52,15.75,-89.57,8,1553378087
Berlevag,NO,-2.03,100,3.82,70.86,29.09,0,1553378335
Kimbe,PG,25.87,100,1.52,-5.56,150.15,24,1553378387
